<?xml version="1.0" encoding="utf-8" ?>
<dwsync>
<file name="_animation.scss" server="access818264003.webspace-data.io" local="132874561740325737" remote="132875959070000000" Dst="1" />
<file name="_background.scss" server="access818264003.webspace-data.io" local="132874561740595002" remote="132875959070000000" Dst="1" />
<file name="_btns.scss" server="access818264003.webspace-data.io" local="132874561740874569" remote="132875959070000000" Dst="1" />
<file name="_common.scss" server="access818264003.webspace-data.io" local="132874561741153800" remote="132875959070000000" Dst="1" />
<file name="_flaticon.scss" server="access818264003.webspace-data.io" local="132874561741433166" remote="132875959080000000" Dst="1" />
<file name="_font.scss" server="access818264003.webspace-data.io" local="132874561741682095" remote="132875959080000000" Dst="1" />
<file name="_overlay.scss" server="access818264003.webspace-data.io" local="132874561741971344" remote="132875959080000000" Dst="1" />
<file name="_preloader.scss" server="access818264003.webspace-data.io" local="132874561742240598" remote="132875959080000000" Dst="1" />
<file name="_text-color.scss" server="access818264003.webspace-data.io" local="132874561742520163" remote="132875959080000000" Dst="1" />
<file name="_titles.scss" server="access818264003.webspace-data.io" local="132874561742759618" remote="132875959090000000" Dst="1" />
<file name="_woocommerce.scss" server="access818264003.webspace-data.io" local="132874561743014612" remote="132875959090000000" Dst="1" />
</dwsync>