<?xml version="1.0" encoding="utf-8" ?>
<dwsync>
<file name="style.scss" server="access818264003.webspace-data.io" local="132874561723451302" remote="132875958920000000" Dst="1" />
<file name="theme-color1.scss" server="access818264003.webspace-data.io" local="132874561723710606" remote="132875959050000000" Dst="1" />
<file name="theme-color2.scss" server="access818264003.webspace-data.io" local="132874561723969632" remote="132875959050000000" Dst="1" />
<file name="theme-color3.scss" server="access818264003.webspace-data.io" local="132874561724229599" remote="132875959050000000" Dst="1" />
<file name="theme-color4.scss" server="access818264003.webspace-data.io" local="132874561724488884" remote="132875959050000000" Dst="1" />
<file name="theme-color5.scss" server="access818264003.webspace-data.io" local="132874561724758161" remote="132875959060000000" Dst="1" />
<file name="theme-color6.scss" server="access818264003.webspace-data.io" local="132874561725085897" remote="132875959060000000" Dst="1" />
<file name="style.css" server="access818264003.webspace-data.io" local="132901249370286765" remote="132901877250000000" Dst="1" />
</dwsync>