<?xml version="1.0" encoding="utf-8" ?>
<dwsync>
<file name="brand-1-1.png" server="access818264003.webspace-data.io" local="132874612257641290" remote="132875957590000000" Dst="1" />
<file name="brand-1-2.png" server="access818264003.webspace-data.io" local="132874612639881440" remote="132875957590000000" Dst="1" />
<file name="brand-1-3.png" server="access818264003.webspace-data.io" local="132886678536731648" remote="132887385780000000" Dst="1" />
<file name="brand-1-4.png" server="access818264003.webspace-data.io" local="132886678941450706" remote="132887385790000000" Dst="1" />
<file name="brand-2-1.png" server="access818264003.webspace-data.io" local="132874561688714717" remote="132875958510000000" Dst="1" />
<file name="brand-2-2.png" server="access818264003.webspace-data.io" local="132874561688954101" remote="132875958510000000" Dst="1" />
<file name="brand-2-3.png" server="access818264003.webspace-data.io" local="132874561689203664" remote="132875958520000000" Dst="1" />
<file name="brand-2-4.png" server="access818264003.webspace-data.io" local="132874561689453024" remote="132875958520000000" Dst="1" />
<file name="brand-2-5.png" server="access818264003.webspace-data.io" local="132874561689709613" remote="132875958520000000" Dst="1" />
<file name="brand-2-6.png" server="access818264003.webspace-data.io" local="132874561689948996" remote="132875958520000000" Dst="1" />
</dwsync>