<?xml version="1.0" encoding="utf-8" ?>
<dwsync>
<file name="ajax-mail.js" server="access818264003.webspace-data.io" local="132901878815941212" remote="132901878840000000" Dst="1" />
<file name="bootstrap.min.js" server="access818264003.webspace-data.io" local="132874561717356140" remote="132875958820000000" Dst="1" />
<file name="imagesloaded.pkgd.min.js" server="access818264003.webspace-data.io" local="132874561717715174" remote="132875958820000000" Dst="1" />
<file name="isotope.pkgd.min.js" server="access818264003.webspace-data.io" local="132874561718183922" remote="132875958820000000" Dst="1" />
<file name="jquery.magnific-popup.min.js" server="access818264003.webspace-data.io" local="132874561718592827" remote="132875958830000000" Dst="1" />
<file name="layerslider.kreaturamedia.jquery.js" server="access818264003.webspace-data.io" local="132874561720028988" remote="132875958830000000" Dst="1" />
<file name="layerslider.transitions.js" server="access818264003.webspace-data.io" local="132874561720947713" remote="132875958830000000" Dst="1" />
<file name="layerslider.utils.js" server="access818264003.webspace-data.io" local="132874561721406504" remote="132875958830000000" Dst="1" />
<file name="main.js" server="access818264003.webspace-data.io" local="132874561721745591" remote="132875958840000000" Dst="1" />
<file name="slick.min.js" server="access818264003.webspace-data.io" local="132874561722184457" remote="132875958840000000" Dst="1" />
<file name="vscustom-carousel.min.js" server="access818264003.webspace-data.io" local="132874561722513823" remote="132875958850000000" Dst="1" />
</dwsync>