<?xml version="1.0" encoding="utf-8" ?>
<dwsync>
<file name="fa-brands-400.eot" server="access818264003.webspace-data.io" local="132874561654862783" remote="132875958180000000" Dst="1" />
<file name="fa-brands-400.svg" server="access818264003.webspace-data.io" local="132874561655321555" remote="132875958190000000" Dst="1" />
<file name="fa-brands-400.ttf" server="access818264003.webspace-data.io" local="132874561655620759" remote="132875958190000000" Dst="1" />
<file name="fa-brands-400.woff" server="access818264003.webspace-data.io" local="132874561655949874" remote="132875958190000000" Dst="1" />
<file name="fa-brands-400.woff2" server="access818264003.webspace-data.io" local="132874561656229151" remote="132875958200000000" Dst="1" />
<file name="fa-duotone-900.eot" server="access818264003.webspace-data.io" local="132874561656578194" remote="132875958200000000" Dst="1" />
<file name="fa-duotone-900.svg" server="access818264003.webspace-data.io" local="132874561657425923" remote="132875958210000000" Dst="1" />
<file name="fa-duotone-900.ttf" server="access818264003.webspace-data.io" local="132874561657854797" remote="132875958220000000" Dst="1" />
<file name="fa-duotone-900.woff" server="access818264003.webspace-data.io" local="132874561658243748" remote="132875958220000000" Dst="1" />
<file name="fa-duotone-900.woff2" server="access818264003.webspace-data.io" local="132874561658642679" remote="132875958220000000" Dst="1" />
<file name="fa-light-300.eot" server="access818264003.webspace-data.io" local="132874561659031678" remote="132875958230000000" Dst="1" />
<file name="fa-light-300.svg" server="access818264003.webspace-data.io" local="132874561659939228" remote="132875958240000000" Dst="1" />
<file name="fa-light-300.ttf" server="access818264003.webspace-data.io" local="132874561660298252" remote="132875958240000000" Dst="1" />
<file name="fa-light-300.woff" server="access818264003.webspace-data.io" local="132874561660597583" remote="132875958250000000" Dst="1" />
<file name="fa-light-300.woff2" server="access818264003.webspace-data.io" local="132874561660926588" remote="132875958250000000" Dst="1" />
<file name="fa-regular-400.eot" server="access818264003.webspace-data.io" local="132874561661275634" remote="132875958250000000" Dst="1" />
<file name="fa-regular-400.svg" server="access818264003.webspace-data.io" local="132874561662253050" remote="132875958270000000" Dst="1" />
<file name="fa-regular-400.ttf" server="access818264003.webspace-data.io" local="132874561662622032" remote="132875958270000000" Dst="1" />
<file name="fa-regular-400.woff" server="access818264003.webspace-data.io" local="132874561662911255" remote="132875958280000000" Dst="1" />
<file name="fa-regular-400.woff2" server="access818264003.webspace-data.io" local="132874561663180554" remote="132875958280000000" Dst="1" />
<file name="fa-solid-900.eot" server="access818264003.webspace-data.io" local="132874561663562127" remote="132875958280000000" Dst="1" />
<file name="fa-solid-900.svg" server="access818264003.webspace-data.io" local="132874561664240293" remote="132875958290000000" Dst="1" />
<file name="fa-solid-900.ttf" server="access818264003.webspace-data.io" local="132874561664579383" remote="132875958300000000" Dst="1" />
<file name="fa-solid-900.woff" server="access818264003.webspace-data.io" local="132874561664918473" remote="132875958300000000" Dst="1" />
<file name="fa-solid-900.woff2" server="access818264003.webspace-data.io" local="132874561665237621" remote="132875958300000000" Dst="1" />
<file name="Flaticon.eot" server="access818264003.webspace-data.io" local="132874561665536819" remote="132875958310000000" Dst="1" />
<file name="Flaticon.svg" server="access818264003.webspace-data.io" local="132874561665955703" remote="132875958310000000" Dst="1" />
<file name="Flaticon.ttf" server="access818264003.webspace-data.io" local="132874561666284820" remote="132875958310000000" Dst="1" />
<file name="Flaticon.woff" server="access818264003.webspace-data.io" local="132874561666584032" remote="132875958320000000" Dst="1" />
<file name="Flaticon.woff2" server="access818264003.webspace-data.io" local="132874561666883231" remote="132875958320000000" Dst="1" />
</dwsync>