<?xml version="1.0" encoding="utf-8" ?>
<dwsync>
<file name="bootstrap.min.css" server="access818264003.webspace-data.io" local="132901248095251856" remote="132901877020000000" Dst="1" />
<file name="fontawesome.min.css" server="access818264003.webspace-data.io" local="132874561649924519" remote="132875958140000000" Dst="1" />
<file name="layerslider.min.css" server="access818264003.webspace-data.io" local="132874561650233670" remote="132875958140000000" Dst="1" />
<file name="magnific-popup.min.css" server="access818264003.webspace-data.io" local="132874561650552833" remote="132875958140000000" Dst="1" />
<file name="slick.min.css" server="access818264003.webspace-data.io" local="132874561650861996" remote="132875958140000000" Dst="1" />
<file name="style.css" server="access818264003.webspace-data.io" local="132874561651191382" remote="132875958140000000" Dst="1" />
<file name="style.css.map" server="access818264003.webspace-data.io" local="132874561651430465" remote="132875958150000000" Dst="1" />
<file name="theme-color1.css" server="access818264003.webspace-data.io" local="132874561651699838" remote="132875958150000000" Dst="1" />
<file name="theme-color1.css.map" server="access818264003.webspace-data.io" local="132874561651949108" remote="132875958150000000" Dst="1" />
<file name="theme-color2.css" server="access818264003.webspace-data.io" local="132874561652248563" remote="132875958150000000" Dst="1" />
<file name="theme-color2.css.map" server="access818264003.webspace-data.io" local="132874561652497772" remote="132875958160000000" Dst="1" />
<file name="theme-color3.css" server="access818264003.webspace-data.io" local="132874561652776880" remote="132875958160000000" Dst="1" />
<file name="theme-color3.css.map" server="access818264003.webspace-data.io" local="132874561653016236" remote="132875958160000000" Dst="1" />
<file name="theme-color4.css" server="access818264003.webspace-data.io" local="132874561653295500" remote="132875958160000000" Dst="1" />
<file name="theme-color4.css.map" server="access818264003.webspace-data.io" local="132874561653524887" remote="132875958160000000" Dst="1" />
<file name="theme-color5.css" server="access818264003.webspace-data.io" local="132874561653804142" remote="132875958170000000" Dst="1" />
<file name="theme-color5.css.map" server="access818264003.webspace-data.io" local="132874561654051369" remote="132875958170000000" Dst="1" />
<file name="theme-color6.css" server="access818264003.webspace-data.io" local="132874561654310705" remote="132875958170000000" Dst="1" />
<file name="theme-color6.css.map" server="access818264003.webspace-data.io" local="132874561654543613" remote="132875958170000000" Dst="1" />
</dwsync>