<?xml version="1.0" encoding="utf-8" ?>
<dwsync>
<file name="hero-1-1.jpg" server="access818264003.webspace-data.io" local="132874606948746258" remote="132875957540000000" Dst="1" />
<file name="hero-1-2.jpg" server="access818264003.webspace-data.io" local="132874561697379836" remote="132875957540000000" Dst="1" />
<file name="hero-1-3.jpg" server="access818264003.webspace-data.io" local="132874561697768800" remote="132875957540000000" Dst="1" />
<file name="hero-2-1.jpg" server="access818264003.webspace-data.io" local="132874561698077959" remote="132875958610000000" Dst="1" />
<file name="hero-2-2.jpg" server="access818264003.webspace-data.io" local="132874561698317317" remote="132875958610000000" Dst="1" />
<file name="hero-2-3.jpg" server="access818264003.webspace-data.io" local="132874561698537116" remote="132875958610000000" Dst="1" />
<file name="hero-3-1.jpg" server="access818264003.webspace-data.io" local="132874561698786065" remote="132875958620000000" Dst="1" />
<file name="hero-3-2.jpg" server="access818264003.webspace-data.io" local="132874561699015738" remote="132875958620000000" Dst="1" />
<file name="hero-3-3.jpg" server="access818264003.webspace-data.io" local="132874561699245987" remote="132875958620000000" Dst="1" />
</dwsync>